1,User1,9999888801,0
2,User2,9999888802,0
3,User3,9999888803,0
4,User4,9999888804,0
5,User5,9999888805,0
6,User6,9999888806,0
7,User7,9999888807,0
8,User8,9999888808,0
9,User9,9999888809,0
10,User10,9999888810,0
11,User11,9999888811,0
12,User12,9999888812,0
13,User13,9999888813,0
14,User14,9999888814,0
15,User15,9999888815,0
16,User16,9999888816,0
17,User17,9999888817,0
18,User18,9999888818,0
19,User19,9999888819,0
20,User20,9999888820,0
21,New User 1,9999888821,0
22,New User 2,9999888822,0
23,New User 3,9999888823,0
24,New User 4,9999888824,0
25,New User 5,9999888825,0
26,New User 6,9999888826,0
27,New User 7,9999888827,0
28,New User 8,9999888828,0
29,New User 9,9999888829,0
30,New User 10,9999888830,0
31,New User 11,9999888831,0
32,New User 12,9999888832,0
33,New User 13,9999888833,0
34,New User 14,9999888834,0
35,New User 15,9999888835,0
36,New User 16,9999888836,0
37,New User 17,9999888837,0
38,New User 18,9999888838,0
39,New User 19,9999888839,0
40,New User 20,9999888840,0
41,John Doe 1,9999888841,0
42,John Doe 2,9999888842,0
43,John Doe 3,9999888843,0
44,John Doe 4,9999888844,0
45,John Doe 5,9999888845,0
46,John Doe 6,9999888846,0
47,John Doe 7,9999888847,0
48,John Doe 8,9999888848,0
49,John Doe 9,9999888849,0
50,John Doe 10,9999888850,0
51,John Doe 11,9999888851,0
52,John Doe 12,9999888852,0
53,John Doe 13,9999888853,0
54,John Doe 14,9999888854,0
55,John Doe 15,9999888855,0
56,John Doe 16,9999888856,0
57,John Doe 17,9999888857,0
58,John Doe 18,9999888858,0
59,John Doe 19,9999888859,0
60,John Doe 20,9999888860,0
61,Jane Doe 1,9999888861,0
62,Jane Doe 2,9999888862,0
63,Jane Doe 3,9999888863,0
64,Jane Doe 4,9999888864,0
65,Jane Doe 5,9999888865,0
66,Jane Doe 6,9999888866,0
67,Jane Doe 7,9999888867,0
68,Jane Doe 8,9999888868,0
69,Jane Doe 9,9999888869,0
70,Jane Doe 10,9999888870,0
71,Jane Doe 11,9999888871,0
72,Jane Doe 12,9999888872,0
73,Jane Doe 13,9999888873,0
74,Jane Doe 14,9999888874,0
75,Jane Doe 15,9999888875,0
76,Jane Doe 16,9999888876,0
77,Jane Doe 17,9999888877,0
78,Jane Doe 18,9999888878,0
79,Jane Doe 19,9999888879,0
80,Jane Doe 20,9999888880,0
81,Mr Nobody 1,9999888881,0
82,Mr Nobody 2,9999888882,0
83,Mr Nobody 3,9999888883,0
84,Mr Nobody 4,9999888884,0
85,Mr Nobody 5,9999888885,0
86,Mr Nobody 6,9999888886,0
87,Mr Nobody 7,9999888887,0
88,Mr Nobody 8,9999888888,0
89,Mr Nobody 9,9999888889,0
90,Mr Nobody 10,9999888890,0
91,Mr Nobody 11,9999888891,0
92,Mr Nobody 12,9999888892,0
93,Mr Nobody 13,9999888893,0
94,Mr Nobody 14,9999888894,0
95,Mr Nobody 15,9999888895,0
96,Mr Nobody 16,9999888896,0
97,Mr Nobody 17,9999888897,0
98,Mr Nobody 18,9999888898,0
99,Mr Nobody 19,9999888899,0
100,Mr Nobody 20,9999888900,0
